21-09-2023,19:29:49,next entry
21-09-2023,19:30:29,ughhh
21-09-2023,19:31:13,yeah
21-09-2023,19:36:39,what
21-09-2023,19:36:39,what
21-09-2023,19:36:39,what
21-09-2023,19:36:39,what
21-09-2023,19:36:39,what
21-09-2023,19:39:39,gonna enter rught now
21-09-2023,19:39:39,gonna enter rught now
21-09-2023,19:39:39,gonna enter rught now
21-09-2023,19:40:36,enter
21-09-2023,19:40:36,enter
21-09-2023,19:40:36,enter
21-09-2023,19:40:36,enter
21-09-2023,19:40:36,enter
21-09-2023,19:40:36,enter
21-09-2023,19:41:39,grungy
